[{"file_path": "/Users/zhangzejunzhangzejun/PycharmProjects/RefactoringIdioms/RefactoringIdioms/file.py", "cl": "BJST", "me": "compute_theta_dlz", "idiom": "List Comprehension", "compli_code": ["tmp = []", "for wi, wj in d_wij:\n                tmp.append(self.normalize(self.phi_lzw[:, :, wi] * self.phi_lzw[:, :, wj] * plz))"], "simple_code": ["", "tmp = [self.normalize(self.phi_lzw[:, :, wi] * self.phi_lzw[:, :, wj] * plz) for (wi, wj) in d_wij]"], "lineno": [[[117, 12], [117, 20]], [[118, 12], [119, 97]]], "keyno": null}, {"file_path": "/Users/zhangzejunzhangzejun/PycharmProjects/RefactoringIdioms/RefactoringIdioms/file.py", "cl": "BJST", "me": "_fit", "idiom": "Truth Value Test", "compli_code": ["it % self.refresh == 0"], "simple_code": ["not it % self.refresh"], "lineno": [[[76, 15], [76, 37]]], "keyno": null}, {"file_path": "/Users/zhangzejunzhangzejun/PycharmProjects/RefactoringIdioms/RefactoringIdioms/file.py", "cl": "BJST", "me": "init_params", "idiom": "Truth Value Test", "compli_code": ["alpha == 0"], "simple_code": ["not alpha"], "lineno": [[[196, 11], [196, 21]]], "keyno": null}, {"file_path": "/Users/zhangzejunzhangzejun/PycharmProjects/RefactoringIdioms/RefactoringIdioms/file.py", "cl": "BJST", "me": "init_params", "idiom": "Truth Value Test", "compli_code": ["beta == 0"], "simple_code": ["not beta"], "lineno": [[[200, 11], [200, 20]]], "keyno": null}, {"file_path": "/Users/zhangzejunzhangzejun/PycharmProjects/RefactoringIdioms/RefactoringIdioms/file.py", "cl": "BJST", "me": "init_params", "idiom": "Truth Value Test", "compli_code": ["gamma == 0"], "simple_code": ["not gamma"], "lineno": [[[211, 11], [211, 21]]], "keyno": null}, {"file_path": "/Users/zhangzejunzhangzejun/PycharmProjects/RefactoringIdioms/RefactoringIdioms/file.py", "cl": "BJST", "me": "__init__", "idiom": "Assign Multi Targets", "compli_code": ["self.n_topics = n_topics", "self.n_iter = n_iter", "self.n_senti = n_senti", "self.vocab_size = vocab_size", "self.theta = theta", "self.refresh = refresh", "self.random_state = random_state", "self.senti_lex = senti_lex", "self.B = []"], "simple_code": ["self.n_topics , self.n_iter , self.n_senti , self.vocab_size , self.theta , self.refresh , self.random_state , self.senti_lex , self.B  = n_topics, n_iter, n_senti, vocab_size, theta, refresh, random_state, senti_lex, []", "", "", "", "", "", "", "", ""], "lineno": [[[11, 8], [11, 32]], [[12, 8], [12, 28]], [[13, 8], [13, 30]], [[14, 8], [14, 36]], [[15, 8], [15, 26]], [[16, 8], [16, 30]], [[17, 8], [17, 40]], [[18, 8], [18, 34]], [[20, 8], [20, 19]]], "keyno": null}, {"file_path": "/Users/zhangzejunzhangzejun/PycharmProjects/RefactoringIdioms/RefactoringIdioms/file.py", "cl": "BJST", "me": "_initialize", "idiom": "Assign Multi Targets", "compli_code": ["B = len(X)", "W = self.vocab_size", "n_senti = self.n_senti", "n_topics = self.n_topics", "n_iter = self.n_iter"], "simple_code": ["B , W , n_senti , n_topics , n_iter  = len(X), self.vocab_size, self.n_senti, self.n_topics, self.n_iter", "", "", "", ""], "lineno": [[[26, 8], [26, 18]], [[27, 8], [27, 27]], [[28, 8], [28, 30]], [[29, 8], [29, 32]], [[30, 8], [30, 28]]], "keyno": null}, {"file_path": "/Users/zhangzejunzhangzejun/PycharmProjects/RefactoringIdioms/RefactoringIdioms/file.py", "cl": "BJST", "me": "_initialize", "idiom": "Assign Multi Targets", "compli_code": ["self.nlzw = np.zeros((n_senti, n_topics, W), dtype=np.intc)", "self.nlz = np.zeros((n_senti, n_topics), dtype=np.intc)", "self.nl = np.zeros(n_senti, dtype=np.intc)"], "simple_code": ["self.nlzw , self.nlz , self.nl  = np.zeros((n_senti, n_topics, W), dtype=np.intc), np.zeros((n_senti, n_topics), dtype=np.intc), np.zeros(n_senti, dtype=np.intc)", "", ""], "lineno": [[[38, 8], [38, 67]], [[39, 8], [39, 63]], [[40, 8], [40, 50]]], "keyno": null}, {"file_path": "/Users/zhangzejunzhangzejun/PycharmProjects/RefactoringIdioms/RefactoringIdioms/file.py", "cl": "BJST", "me": "_initialize", "idiom": "Assign Multi Targets", "compli_code": ["self.ZS[i] = z_new", "self.LS[i] = l_new"], "simple_code": ["self.ZS[i] , self.LS[i]  = z_new, l_new", ""], "lineno": [[[49, 12], [49, 30]], [[50, 12], [50, 30]]], "keyno": null}, {"file_path": "/Users/zhangzejunzhangzejun/PycharmProjects/RefactoringIdioms/RefactoringIdioms/file.py", "cl": "BJST", "me": "_fit", "idiom": "Assign Multi Targets", "compli_code": ["random_state = self.check_random_state(self.random_state)", "rands = self._rands.copy()"], "simple_code": ["random_state , rands  = self.check_random_state(self.random_state), self._rands.copy()", ""], "lineno": [[[70, 8], [70, 65]], [[71, 8], [71, 34]]], "keyno": null}, {"file_path": "/Users/zhangzejunzhangzejun/PycharmProjects/RefactoringIdioms/RefactoringIdioms/file.py", "cl": "BJST", "me": "compute_theta_dlz", "idiom": "Assign Multi Targets", "compli_code": ["theta_dlz = np.zeros((len(X_d), self.n_senti, self.n_topics))", "plz = self.normalize(self.nlz + self.alpha_lz)"], "simple_code": ["theta_dlz , plz  = np.zeros((len(X_d), self.n_senti, self.n_topics)), self.normalize(self.nlz + self.alpha_lz)", ""], "lineno": [[[114, 8], [114, 69]], [[115, 8], [115, 54]]], "keyno": null}, {"file_path": "/Users/zhangzejunzhangzejun/PycharmProjects/RefactoringIdioms/RefactoringIdioms/file.py", "cl": "BJST", "me": "matrix_to_lists", "idiom": "Assign Multi Targets", "compli_code": ["BS1 = []", "BS2 = []"], "simple_code": ["BS1 , BS2  = [], []", ""], "lineno": [[[160, 8], [160, 16]], [[161, 8], [161, 16]]], "keyno": null}, {"file_path": "/Users/zhangzejunzhangzejun/PycharmProjects/RefactoringIdioms/RefactoringIdioms/file.py", "cl": "BJST", "me": "soft_align", "idiom": "Assign Multi Targets", "compli_code": ["eta_new = np.zeros(eta.shape)", "weights = self.softmax(eta, B, window_size)"], "simple_code": ["eta_new , weights  = np.zeros(eta.shape), self.softmax(eta, B, window_size)", ""], "lineno": [[[172, 8], [172, 37]], [[173, 8], [173, 51]]], "keyno": null}, {"file_path": "/Users/zhangzejunzhangzejun/PycharmProjects/RefactoringIdioms/RefactoringIdioms/file.py", "cl": "BJST", "me": "init_params", "idiom": "Assign Multi Targets", "compli_code": ["self.betaSum_lz = np.sum(self.beta_lzw, axis=2)", "self.gamma = gamma"], "simple_code": ["self.betaSum_lz , self.gamma  = np.sum(self.beta_lzw, axis=2), gamma", ""], "lineno": [[[209, 8], [209, 55]], [[210, 8], [210, 26]]], "keyno": null}, {"file_path": "/Users/zhangzejunzhangzejun/PycharmProjects/RefactoringIdioms/RefactoringIdioms/file.py", "cl": "BJST", "me": "matrix_to_lists", "idiom": "For Multi Targets", "compli_code": ["for bs in X:\n            BS1.append(bs[0])\n            BS2.append(bs[1])"], "simple_code": ["for (bs_0, bs_1, *bs_len) in X:\n            BS1.append(bs_0)\n            BS2.append(bs_1)"], "lineno": [[[162, 8], [164, 29]]], "keyno": null}]